X,Y,Label
-4.800067817563851,-1.546986177448848,0.0
-4.637145028954546,-0.21987972842294226,0.0
-4.462678672665071,-2.080763474127049,0.0
-3.8534696615272437,-0.9491963652282959,0.0
-3.031920646257332,0.22776464773833138,0.0
-3.5965333924362497,0.3232299321324983,0.0
-3.760460797678899,-0.6835067603877211,0.0
-3.526602722647029,-0.31556854840155785,0.0
-4.35253112324086,-1.4822846021019649,0.0
-3.0269133121113874,-0.5670908873191554,0.0
-0.7847135498883211,2.6286711466380157,0.0
-3.5853829976693157,-1.0547693705072556,0.0
-4.693367494200029,-2.6131891106999063,0.0
-2.984217610379337,-0.10260307183553752,0.0
-4.918774081543673,-0.989469998978041,0.0
-3.2665815235996813,-0.027410546069493488,0.0
-1.5313896468955288,0.2158446689434817,0.0
-2.71938343996421,0.3795003304733645,0.0
-4.547382114038344,-0.786930327068828,0.0
-2.536952993962831,0.2718539590868016,0.0
-1.5562062149415599,0.5456955851025488,0.0
-1.9981793134273471,2.2355993770421785,0.0
-2.3779702296093097,0.34496725489490665,0.0
-2.0573580043698163,1.4343700722789061,0.0
-1.401647683708238,1.4638035491840433,0.0
-2.2728351419972004,0.9718634831315371,0.0
-2.1420590193574047,0.11124362449737453,0.0
-3.10871442120492,0.16218643985837514,0.0
-3.1587537904127476,0.03254623459750132,0.0
-2.283520395577981,0.4870619472971079,0.0
-2.248347311557129,0.524251302366358,0.0
-1.6826832125034747,0.22551980579836647,0.0
-3.0412669299083777,-0.29537550567896215,0.0
-1.599802654540906,1.692886543093392,0.0
-2.1556877718285423,0.8771653811064045,0.0
-3.732464016827254,-0.6508880613809237,0.0
-3.6904441886232067,-1.471416609803896,0.0
-3.165138829891531,-0.5982507602992164,0.0
-1.9908409522331005,0.6430623750708062,0.0
-2.722196357006299,0.31332572439546813,0.0
-2.179508153860933,1.3902245412157044,0.0
-2.955963270132823,-0.9275690880706596,0.0
-5.011412798292577,-0.8123472007892671,0.0
-4.061391262362422,-1.1751857201221938,0.0
-2.317641785609175,1.349252042350885,0.0
-3.004083837932878,0.7690583094377843,0.0
-3.506427373815436,0.11125338760872718,0.0
-3.56151690349057,-0.11464079448101169,0.0
-3.5747030309702557,0.5547806423962024,0.0
-3.2475195810332114,0.006720815696086006,0.0
-4.360314776975425,-2.212712451043478,0.0
-2.1012622569177366,1.5118380538920322,0.0
-2.501704404536923,1.7275495665048237,0.0
-2.3712406159761032,0.15602745358300155,0.0
-5.292442868691543,-1.3560830985911572,0.0
-5.058238472079181,-1.4852055156833528,0.0
-2.7869851498020553,1.4210459963290718,0.0
-2.9995086715258066,0.5080093152114282,0.0
-3.8496236254242615,-0.9476606163206148,0.0
-3.874194197880009,-0.2909394867693959,0.0
-3.009447558403554,-0.7047696703307241,0.0
-3.702373623695945,0.136506474275215,0.0
-2.2937564757033857,0.6116063314830628,0.0
-3.1719656310273128,0.9976114442386683,0.0
-3.766645553556271,-0.5089440611329811,0.0
-2.44011904636171,0.9009320878154854,0.0
-2.3703375738385493,0.6497938388297843,0.0
-2.610690435031378,0.8171235444093027,0.0
-3.4811322273913845,-0.6128719276724177,0.0
-3.03002855519315,-0.7213413532428339,0.0
-1.7242166848063987,1.553679027388046,0.0
-3.3589349339264714,0.04269421135123545,0.0
-5.559520282969482,-1.962179006530066,0.0
-2.4872523660207984,1.2192107647571462,0.0
-1.6056547494584985,1.102413513724861,0.0
-3.477066870084755,0.6065462124920207,0.0
-2.032120726349702,0.4451936479895773,0.0
-2.696789478129713,-0.11640999072365114,0.0
-3.7273163539452234,-1.410325010627142,0.0
-1.7729647997541325,0.9501334909120189,0.0
-3.1376965429774706,1.0826466786953821,0.0
-3.9283857958273507,-0.873013528876871,0.0
-2.104460808182743,1.4295612272868354,0.0
-1.562612892536363,0.46038808158090816,0.0
-4.227290075715586,-1.026837967466512,0.0
-3.974393919641266,-0.7728128523253426,0.0
-3.606988521781393,-1.0187332597595766,0.0
-2.2343702017163,1.1967080219747432,0.0
-2.0197638843305517,0.5441265441187423,0.0
-2.5733713176043063,0.4376834732163871,0.0
-2.2293741128827023,-0.09896966468178577,0.0
-1.6863081591317637,-0.09251178269721491,0.0
-3.0865315215426863,-1.0997617484680748,0.0
-1.9687860177177665,1.0642060752398117,0.0
-2.786332995904216,1.1895551209694781,0.0
-1.85793714280331,1.3109606568509833,0.0
-2.593349449157728,-0.3321166437367137,0.0
-3.4421761150153274,-0.5506715411969193,0.0
-3.992599684443143,-0.471769926616069,0.0
-5.474873062494375,-1.6295785671557035,0.0
-2.574065013844629,0.27453830104380456,0.0
-4.250441277877347,-0.8360161064408158,0.0
-3.095955689724534,-1.1186084850042104,0.0
-2.74353634640694,-0.21030807774592128,0.0
-3.2345219133753322,-0.29659767027628176,0.0
-3.9637847358750897,-0.7631583208155016,0.0
-3.5984815354544843,-0.8934708734312816,0.0
-1.9743505126666832,0.7663112904586536,0.0
-3.103751323959734,0.13604528867224652,0.0
-5.130005781988563,-2.156731551324323,0.0
-1.9837019001656566,0.797480011810432,0.0
-2.712452052639678,0.5920635690200756,0.0
-1.5582768058100291,1.4817335923894528,0.0
-3.2218972289925483,-0.0750530482143727,0.0
-2.358098764634092,0.4914263212033491,0.0
-1.4930157555943258,1.1949813551110469,0.0
-2.6165629612283428,0.6465701921325623,0.0
-2.1501855679514703,1.343887493089221,0.0
-3.763205786405254,-2.072379266701929,0.0
-3.6184416542538567,-0.1903274228209329,0.0
-2.26964576195295,0.4790974813537466,0.0
-2.7797686708745517,0.03189184005865213,0.0
-2.1768456178725493,-0.2368434968954402,0.0
-4.4346030848362075,-0.7517923338161118,0.0
-1.7646508228480118,0.30790099872452403,0.0
-3.3122454020981302,-0.6764056888848429,0.0
-3.033688083168374,-0.23564910712734682,0.0
-3.875750232735448,-0.43635229345454796,0.0
-1.8741797927395651,0.25090402085484514,0.0
-1.691311688083176,1.6947261268724563,0.0
-1.7118796749068894,0.9675815180917663,0.0
-2.4176635926640873,0.549089930006185,0.0
-1.2227807217768332,1.8966133460949783,0.0
-3.524968183362774,-0.46904514525741486,0.0
-2.7358681183036415,0.32573315567405037,0.0
-2.501797789817618,-1.2553394166961502,0.0
-4.97889967926055,-1.7321829993171731,0.0
-2.2574405619323037,0.49529881316306074,0.0
-3.4316892884543577,-0.5051198669875434,0.0
-1.7263735273104663,2.5793264037002674,0.0
-3.217738862305253,0.42747501284920036,0.0
-2.8293089516122265,1.142381215635131,0.0
-3.464182800783575,-0.07911614952498087,0.0
-2.3913833585834823,1.3746121799728706,0.0
-4.066098896258798,-0.24273904651323217,0.0
-2.2520296913903564,0.44374204648090015,0.0
-4.850480855630715,-2.5208937267541858,0.0
-3.2305434053911997,0.48848982620817866,0.0
-3.277056184513288,0.09163609516606995,0.0
-2.7380713242312176,0.49597256919957894,0.0
-2.284866757883826,1.7638271632754554,0.0
-2.6728085100131698,-0.10299097789970768,0.0
-3.486494110901468,-0.7778788891527373,0.0
-1.3083418045836699,0.8399192587880725,0.0
-3.6077094507323575,-0.7086325544535976,0.0
-3.2139720795216054,0.4676529526831103,0.0
-1.6999385819535682,0.8379402311131384,0.0
-2.664707545582732,0.39496563903702125,0.0
-2.8692709525577738,-0.05071434445438023,0.0
-2.9076031538095366,0.024531030583708147,0.0
-2.0602323788192534,0.4255857080651297,0.0
-2.97869699720798,-0.542161170020743,0.0
-1.8032809147768667,0.9992081233874388,0.0
-3.5640625651802456,0.8632146949563906,0.0
-2.6297478499921274,0.9668226136649248,0.0
-3.3328676860570527,-1.0848225002591865,0.0
-3.359196254750761,-1.1079481149085944,0.0
-0.6690227798534449,2.714447357507672,0.0
-1.4768139277653531,1.808382067188426,0.0
-2.8758863265027523,1.1737057552384231,0.0
-3.8703038410454123,-1.1570502008367574,0.0
-1.9635349616941455,0.2686150684018991,0.0
-2.493047871078809,0.3296397450557079,0.0
-2.70357543560777,0.39553278455024105,0.0
-3.659404130271337,-0.4382632346457732,0.0
-1.8203998363248448,0.27026099215849525,0.0
-4.076485598540458,-1.5125315493651725,0.0
-2.2163654244155713,0.45400551178276405,0.0
-1.1003620491090678,1.59734064786724,0.0
-2.7411330592530123,0.6512159783773396,0.0
-3.663807091593755,-0.6614221719304588,0.0
-3.99153535618919,-0.7765226214863431,0.0
-3.036012597794621,0.06576731250563664,0.0
-2.6942678351887137,0.056007405340022354,0.0
-2.389297161828264,-0.10271416861314203,0.0
-2.9519971010475374,-0.5801036227732105,0.0
-3.719555793825771,-0.8773272528618293,0.0
-3.2031199629690414,0.10920983811152601,0.0
-3.113626956633593,-1.1069764201654082,0.0
-3.082050949180424,0.47462307294444867,0.0
-1.5115042103383585,1.733433468773881,0.0
-0.5368388329861502,1.8164710572142198,0.0
-2.5127488435916328,-0.5605474750588894,0.0
-1.5996273267540193,0.4695024805348089,0.0
-4.615491459354646,-1.5116247068832085,0.0
-3.4677627621617804,-0.6085948613287449,0.0
-2.153531181452263,-0.1758792244542563,0.0
-2.482333787233583,0.03605625080559631,0.0
-4.174746192064861,-0.45305000388332495,0.0
-4.6609193279707455,-1.1217181375124494,0.0
-2.079189397753799,0.21505538029584453,0.0
-3.8399902373740673,-0.6146508739398535,0.0
-1.4346303230615913,1.7901961032964542,0.0
-3.7913552589534407,-0.7540874440971753,0.0
-2.569041796104705,-0.07984355003630098,0.0
-1.8807731231413494,1.6253797421939573,0.0
-2.6329196482395507,0.21942307012170698,0.0
-4.860261906066579,-1.4273453943503096,0.0
-3.3967193725056206,-0.30687159792426316,0.0
-4.9857756226817695,-0.8982118523804401,0.0
-4.065921556571041,-0.6976903928553774,0.0
-1.0520093548468081,2.026239254243969,0.0
-2.9062803254348757,0.15314091424245616,0.0
-3.0282900821470666,-1.761014062522451,0.0
-2.545254414695127,0.6254480877071382,0.0
-2.1090463728809543,-0.00517648249999016,0.0
-3.9119257308932713,-0.7368165623761809,0.0
-2.178283254646504,1.0208246279289062,0.0
-3.781098324654144,-0.7777509612230159,0.0
-3.784230498381538,-0.7347344176626207,0.0
-2.258411905475085,0.008306174974449205,0.0
-2.9799197383364224,0.14296190516570198,0.0
-3.7944877351917894,-0.8672880904149276,0.0
-3.1289054437134842,-0.7389796480655249,0.0
-2.2226246298756167,0.7075590472775085,0.0
-2.258876731746076,1.2598935506085769,0.0
-3.527621838323784,-0.35110617816660944,0.0
-3.9606227737038378,0.31759740723826463,0.0
-1.8590395160908073,-0.2513532355529614,0.0
-3.1730705233830063,-0.20507501280470453,0.0
-2.199505148211687,0.18142849231711405,0.0
-2.6406924823520646,0.4739960103770438,0.0
-3.285871031820779,1.239898643581661,0.0
-1.8379798036420827,0.660408732761491,0.0
-0.90835074720483,2.2507019622957936,0.0
-0.9164781765485581,1.7423407562925404,0.0
-2.5140402789783067,0.03708834278282127,0.0
-4.964094583442846,-1.3351843496320992,0.0
-3.9723977907085732,-1.5304884540710897,0.0
-4.227527610488504,-0.9138290680793266,0.0
-4.0573570806034995,-0.40628279844957066,0.0
-2.0036904733130543,0.7279474999601036,0.0
-2.9785499357491694,-1.6581109220754175,0.0
-4.610584793384655,-1.260753359431362,0.0
-3.026372059236578,0.11308922750282335,0.0
-1.9122557902354214,0.8664205929317218,0.0
-4.454291963325722,-0.6333507862267405,0.0
-5.534485694397743,-2.5812397585405344,0.0
-2.212626741251297,0.46214314223034014,0.0
-2.0095808406538915,0.9411794882561857,0.0
-3.3522635040989845,-0.3739202238508676,0.0
-3.966020401728481,-1.1141514809785336,0.0
-2.4865661371843095,0.14580739902858936,0.0
-0.9553752080493569,1.053081421767915,0.0
-2.292900257174368,1.530195126293929,0.0
-4.284120283367704,-0.41451665322993947,0.0
-1.1136192660413327,0.6413131584054202,0.0
-2.4294144281403343,0.6817832415081092,0.0
-3.804497028436799,-0.14170124097754602,0.0
-3.8207716310841198,0.2813888797439143,0.0
-2.5000767071154084,-0.07755870975092533,0.0
-1.123938931958663,1.3138262147943802,0.0
-2.9486552441477842,-0.51073128734148,0.0
-4.335289165094497,-0.442054694366685,0.0
-1.025249808440397,2.5212248489757645,0.0
-1.00229018455054,2.2516401139476057,0.0
-4.182523548145815,-1.141504944902655,0.0
-1.60085065279976,1.028890143429626,0.0
-2.6941504747969707,0.19058780351079865,0.0
-2.772767170112743,0.15773685823784614,0.0
-2.82034041028122,-0.5847095034549479,0.0
-3.2505161677367904,0.7097165085265984,0.0
-2.4947400151770114,0.22455339239076982,0.0
-3.2135825241742544,-1.8321530238993347,0.0
-3.9209286339848552,-1.3205796614480925,0.0
-3.185975785961705,-0.1250568115563597,0.0
-3.8094828748496212,-0.9787246524493146,0.0
-2.7671831403941134,1.0536466096297936,0.0
-0.7635780188442625,2.2492824468645964,0.0
-1.480415013307828,1.037923684239681,0.0
-4.893943309713876,-1.9221479338792844,0.0
-2.62167972176493,-0.7484390055216443,0.0
-2.3705244163950767,0.7537893990580035,0.0
-3.5316293552930507,-0.1414760413298287,0.0
-3.1748385071214615,0.1584682199207162,0.0
-2.851880598912197,-1.0091100440375844,0.0
-3.2779387732247245,0.207725352607803,0.0
-3.444546875165262,-0.6746713924104778,0.0
-1.8820743062924146,0.4106431306311438,0.0
-3.2339825671399414,0.4826400709236557,0.0
-0.9396799603525681,1.6429678646367398,0.0
-2.166913810819652,1.3295369159003436,0.0
-2.3253070200815036,0.37703558943512455,0.0
-2.9350292792112977,0.34666214624757946,0.0
-1.6644720979295788,-0.5910221243037526,0.0
-3.6542684906816296,-0.3765933433015196,0.0
-2.448922614349815,-0.13452757202087143,0.0
-3.453652721153928,-0.21380311002560354,0.0
-2.485551145881497,0.3773758365872096,0.0
-2.0611012318563446,0.8259491088921527,0.0
-1.661101374003583,1.6028342229797727,0.0
-2.1793882120704113,0.9712014409707664,0.0
-1.4795938524837722,1.14722092516727,0.0
-2.3700211552704165,-0.42033993833441646,0.0
-2.989341877253798,-0.2291358508542913,0.0
-0.9349342311730169,1.2408226794058457,0.0
-3.857266985737577,-0.2908676484297714,0.0
-3.0028574001626773,0.25313644701831006,0.0
-3.3165925891571337,-0.10812071062500844,0.0
-3.7434368122188952,-1.6965462859354,0.0
-3.520945159957691,-0.7625488371992901,0.0
-2.691669537595862,0.11717094832214128,0.0
-2.2563469136857344,-0.03186147853753055,0.0
-3.7023294186138616,0.35446774618657867,0.0
-2.946309552061179,0.05281446999890666,0.0
-2.310822169305633,0.6148804039390855,0.0
-3.3251633625818293,-0.5593252423989411,0.0
-2.6970071303157677,0.558039758983494,0.0
-2.208950651649271,0.9507422369653407,0.0
-4.20827907732185,-0.3481720988555307,0.0
-3.3467283192069512,0.5182161207027901,0.0
-3.6662972849010664,-1.296357480385622,0.0
-1.7481241060840045,1.058999954085853,0.0
-3.9532747576833738,-0.9989930755088589,0.0
-2.9210286003438712,1.060696185939386,0.0
-2.538345152239741,-1.0060178395692767,0.0
-3.4653362707468833,-0.1364337071793455,0.0
-3.3562426151994886,-0.07181970958528228,0.0
-2.5192633728650087,-0.35309013403216954,0.0
-2.349289333085291,0.052650725836707164,0.0
-1.7157069941577616,0.48545844111586245,0.0
-3.460226324102759,-0.3983113653717696,0.0
-2.3694943233838774,0.21982831206375525,0.0
-3.319050229445826,0.36349244649049595,0.0
-1.2178128452686952,2.0205447952370568,0.0
-1.8863337930783486,-0.07825053632795935,0.0
-0.865496496829516,1.5572085327555907,0.0
-3.3325424628598976,-0.08394763582680126,0.0
-2.4308141409302206,1.2124064112834594,0.0
-4.475214252456403,-1.2247071006362997,0.0
-2.7945187334121173,0.9166264001562592,0.0
-3.990929587814272,-0.4423329719758439,0.0
-1.480859036921665,-0.2735887146336291,0.0
-4.498759808697106,-2.517568766392592,0.0
-3.7189252114939313,0.786790356248456,0.0
-3.613790739133896,-0.013434555668531788,0.0
-1.012553817761784,0.8631508826034257,0.0
-2.8395591102278006,0.8502915933795616,0.0
-2.4202328634495025,0.07719499933393999,0.0
-3.529946218645119,0.15432969558289092,0.0
-1.2464020597583463,0.9879833268437307,0.0
-2.597957698392521,1.0943523972704925,0.0
-3.8970173695201704,0.4514748501395757,0.0
-3.8772923502473082,-0.8994884890062318,0.0
-4.267039443584101,-1.1332769878732278,0.0
-2.546279812380284,0.8837740395062677,0.0
-2.247574907049616,0.5687618400604374,0.0
-4.227617248970429,-1.2916732852212154,0.0
-2.091236709015818,0.6150903493040598,0.0
-3.7946269598652167,-1.1440843654412396,0.0
-2.4716133560211793,0.20564917784091233,0.0
-3.0525844788203917,-0.29638961031228106,0.0
-1.199813646832158,1.2390838585830994,0.0
-2.5082507271099783,1.278093495673389,0.0
-3.95667801212809,-0.5852625688880069,0.0
-2.262599068020157,0.22144905825947342,0.0
-2.1858928328935336,0.14883977721151026,0.0
-4.6590192545300635,-3.0790853522375286,0.0
-3.128854373656488,-0.9412765807084323,0.0
-2.5885774252636193,-0.21344471945379917,0.0
-1.522241342926848,0.7566351989425019,0.0
-4.622871420671936,-1.7069806840580684,0.0
-2.4493463868512206,0.9021641532151943,0.0
-3.2375128890486353,0.2178764452979972,0.0
-1.3653661636163061,1.82664980530771,0.0
-3.207599170832338,-1.258486202065446,0.0
-3.9615750901317717,0.11118432893697941,0.0
-3.245656109438328,0.273846619478319,0.0
-3.412426040208218,-0.8598919325441265,0.0
-2.5421988001442504,-0.5332532736961809,0.0
-2.6558742611224724,0.5121615684397482,0.0
-3.693776398605203,-0.6782103238370555,0.0
-3.334266971805962,-1.0318061075038967,0.0
-2.9096181708672857,0.10257518252221422,0.0
-4.68695088069995,-1.8224017671908477,0.0
-2.53334309990337,0.48016059973217157,0.0
-2.189006544919253,0.9329016932428273,0.0
-2.0872107044748685,-0.22014572191783502,0.0
-2.844003974241302,-0.04483586065654563,0.0
-1.4301175942424562,1.5274230382831853,0.0
-4.577777845805446,-1.2480764063385807,0.0
-3.1563065947169586,-1.0047436200170157,0.0
-3.4993693969500015,-0.4054816379780878,0.0
-3.6355432864187858,-0.36824947662327145,0.0
-1.6969066505532615,1.2769091771462182,0.0
-2.265182591386807,0.7031414461158612,0.0
-2.5636903011574796,1.2663888431711128,0.0
-1.9008367716788392,0.5306222884862505,0.0
-2.7301502456530344,-0.41136751064591504,0.0
-2.3346711671344726,0.1404131317605402,0.0
-4.587248356373851,-1.0902623790012433,0.0
-2.8217659332481926,-0.06919332212155636,0.0
-4.0207696068903545,-0.7644960446875264,0.0
-3.4642112851741667,-0.48077671057887683,0.0
-1.3628395029681912,1.5660307641964168,0.0
-2.6988200953496873,0.7091486808175074,0.0
-3.7518556274071146,-1.1679804054736522,0.0
-3.9932823863258164,0.10458388870158478,0.0
-2.898422448577322,1.16531826037964,0.0
-2.1984265588591545,0.8160944655892358,0.0
-2.9930626156166524,0.014209927218469951,0.0
-2.018360320287948,0.6077426552913999,0.0
-2.4699395676771503,0.7368497345544873,0.0
-4.017004204209554,0.39080660239731113,0.0
-4.139407782599025,-1.4618609615594906,0.0
-3.623514770070927,0.007118012971069226,0.0
-3.0070088388656666,-0.05105404041398836,0.0
-3.3231852376504083,0.2253286640429986,0.0
-2.092226760036302,0.7018017827939103,0.0
-3.5447802790352925,-0.34780385569517863,0.0
-3.1103467660859327,-0.34422955946727835,0.0
-4.5974168487036575,-0.2478400711281446,0.0
-3.324471754141964,-0.4466474276971783,0.0
-3.5464694804309573,-0.8874468990452881,0.0
-2.2991563282343237,0.7215937456930649,0.0
-0.18483282644831833,2.0853448823676968,0.0
-2.2419152637651036,-0.09787353409336473,0.0
-1.882236785321948,0.8415393125462246,0.0
-1.3129350897771601,1.4302425562754577,0.0
-2.5002319672557256,0.5158356973298459,0.0
-4.1495057988618775,-1.0404044263507237,0.0
-3.0514314486376386,0.011469072896840342,0.0
-2.894202736381925,-0.5372447193276169,0.0
-2.988750281822537,0.20652114909929625,0.0
-1.973326388853388,1.5741605910026186,0.0
-3.8262247644585585,-1.2255420011466045,0.0
-2.493338697815651,-0.0487550383044321,0.0
-3.3279026305559554,-0.999078536968552,0.0
-2.51732545254892,-0.06055409981573673,0.0
-2.4809543573196366,-0.6157245858100625,0.0
-3.95335667100475,-1.563427340229224,0.0
-2.989615397839628,-0.12402677318925047,0.0
-1.996253962014702,0.44226457934028823,0.0
-3.722123508102653,-1.054567809071437,0.0
-3.003799055556974,-0.5107101946324075,0.0
-2.5353674460777116,0.7633078764824861,0.0
-3.82722308637093,-0.9381029148788951,0.0
-2.2828575543076903,1.9807608210905159,0.0
-1.6999132378035686,0.3251012831606005,0.0
-5.333521044784095,-2.5890535041503755,0.0
-1.3971559817732704,1.1705987569094227,0.0
-3.4088655028451558,-0.28850190543492304,0.0
-2.7683745482381803,1.384417076031085,0.0
-2.1305552769691722,0.12018313519892854,0.0
-4.331680356524238,-0.4911072068097919,0.0
-1.7813130281283436,0.3323971240885281,0.0
-3.330139001498453,-1.6249801464401332,0.0
-2.1422578534754013,1.4696088160685514,0.0
-2.864023644072747,-0.03095228030049308,0.0
-3.2863997071938025,-0.38302273651835195,0.0
-2.1714880532206084,1.6355728586527918,0.0
-4.321950559589956,-1.1920868437219276,0.0
-3.7826722123396026,0.6970364391109982,0.0
-2.6556673278261176,0.1801617740243394,0.0
-3.8110501288894696,0.11949558167536137,0.0
-4.429267166670943,-1.5928028580074234,0.0
-2.8567204471343244,-0.7282969594831474,0.0
-2.4383103224612577,0.03024336840308965,0.0
-2.576596781018169,1.486925715724125,0.0
-2.0802623279844994,0.5835205746318706,0.0
-3.757483019564011,0.06333375014651507,0.0
-4.329010588198732,0.4161588185096316,0.0
-3.0109770580596167,0.15264958579174595,0.0
-3.7152602180483063,0.19234470536802833,0.0
-3.4444540625401183,-0.5179641795365877,0.0
-2.1784332029146767,0.976166413077688,0.0
-4.199658318433686,-1.4592065540785082,0.0
-3.579638741728009,-0.4239612110764228,0.0
-3.564721199849031,-1.0736921550402456,0.0
-4.8217185850292115,-2.6307311035315544,0.0
-2.9498586948737375,0.6434431221815653,0.0
-3.5439704736338205,-0.019041135811594438,0.0
-2.5057005890669326,0.4469885858132023,0.0
-3.5078477407853064,0.4846391836249599,0.0
-3.906928324997594,-0.4030686428454253,0.0
-2.6822240969839983,0.9305510876665873,0.0
-3.6532918764237596,0.22528076327541202,0.0
-4.81369737419674,-2.0077130862836223,0.0
-2.341311988926789,0.11221797652452921,0.0
-2.742981461009319,0.01540443042436204,0.0
-3.295339777889575,-0.3867718610078161,0.0
-2.9936081810678408,0.6796945775970425,0.0
-2.2472094496040373,1.026712071334312,0.0
-2.8439552975024935,0.6141755706334782,0.0
-4.218326409243101,-1.4100225763709013,0.0
-3.4749398215312515,-0.36186128451014776,0.0
-2.3177450177564505,0.8345423748244511,0.0
-3.4048450116851674,-0.14372257727870172,0.0
-2.8415685009382403,0.21800394046788935,0.0
-1.7980350498991677,0.9754737219644716,0.0
-1.8000678175638507,-4.546986177448848,1.0
-1.6371450289545457,-3.219879728422942,1.0
-1.462678672665071,-5.080763474127049,1.0
-0.8534696615272436,-3.9491963652282958,1.0
-0.0319206462573321,-2.7722353522616685,1.0
-0.5965333924362495,-2.6767700678675017,1.0
-0.7604607976788992,-3.683506760387721,1.0
-0.5266027226470287,-3.315568548401558,1.0
-1.3525311232408603,-4.482284602101965,1.0
-0.026913312111387415,-3.5670908873191554,1.0
2.215286450111679,-0.3713288533619843,1.0
-0.5853829976693157,-4.054769370507255,1.0
-1.6933674942000287,-5.613189110699906,1.0
0.01578238962066282,-3.1026030718355377,1.0
-1.918774081543673,-3.989469998978041,1.0
-0.26658152359968146,-3.0274105460694933,1.0
1.4686103531044712,-2.7841553310565184,1.0
0.28061656003579005,-2.6204996695266356,1.0
-1.5473821140383435,-3.786930327068828,1.0
0.46304700603716903,-2.7281460409131983,1.0
1.4437937850584401,-2.454304414897451,1.0
1.0018206865726529,-0.7644006229578215,1.0
0.6220297703906904,-2.6550327451050935,1.0
0.9426419956301836,-1.5656299277210939,1.0
1.598352316291762,-1.5361964508159567,1.0
0.7271648580027996,-2.0281365168684626,1.0
0.8579409806425952,-2.8887563755026253,1.0
-0.10871442120491964,-2.837813560141625,1.0
-0.15875379041274765,-2.9674537654024986,1.0
0.7164796044220192,-2.512938052702892,1.0
0.7516526884428711,-2.475748697633642,1.0
1.3173167874965253,-2.7744801942016335,1.0
-0.04126692990837756,-3.295375505678962,1.0
1.400197345459094,-1.307113456906608,1.0
0.8443122281714576,-2.1228346188935956,1.0
-0.7324640168272539,-3.6508880613809236,1.0
-0.6904441886232068,-4.471416609803896,1.0
-0.16513882989153078,-3.5982507602992166,1.0
1.0091590477668995,-2.356937624929194,1.0
0.27780364299370097,-2.686674275604532,1.0
0.820491846139067,-1.6097754587842956,1.0
0.04403672986717707,-3.9275690880706597,1.0
-2.0114127982925765,-3.812347200789267,1.0
-1.0613912623624215,-4.175185720122194,1.0
0.6823582143908249,-1.650747957649115,1.0
-0.004083837932877983,-2.230941690562216,1.0
-0.5064273738154358,-2.8887466123912726,1.0
-0.56151690349057,-3.1146407944810117,1.0
-0.5747030309702558,-2.4452193576037975,1.0
-0.2475195810332114,-2.993279184303914,1.0
-1.3603147769754247,-5.212712451043478,1.0
0.8987377430822634,-1.4881619461079678,1.0
0.49829559546307683,-1.2724504334951763,1.0
0.6287593840238968,-2.8439725464169983,1.0
-2.2924428686915426,-4.356083098591157,1.0
-2.0582384720791813,-4.485205515683353,1.0
0.21301485019794472,-1.5789540036709282,1.0
0.0004913284741933653,-2.491990684788572,1.0
-0.8496236254242616,-3.947660616320615,1.0
-0.8741941978800088,-3.2909394867693957,1.0
-0.009447558403553795,-3.704769670330724,1.0
-0.7023736236959447,-2.863493525724785,1.0
0.7062435242966142,-2.388393668516937,1.0
-0.1719656310273126,-2.002388555761332,1.0
-0.766645553556271,-3.508944061132981,1.0
0.5598809536382898,-2.0990679121845144,1.0
0.6296624261614506,-2.350206161170216,1.0
0.3893095649686219,-2.1828764555906974,1.0
-0.48113222739138445,-3.6128719276724177,1.0
-0.030028555193149682,-3.721341353242834,1.0
1.2757833151936013,-1.446320972611954,1.0
-0.35893493392647124,-2.9573057886487644,1.0
-2.559520282969481,-4.962179006530066,1.0
0.5127476339792019,-1.7807892352428538,1.0
1.3943452505415015,-1.897586486275139,1.0
-0.47706687008475535,-2.3934537875079793,1.0
0.9678792736502977,-2.5548063520104227,1.0
0.3032105218702869,-3.116409990723651,1.0
-0.7273163539452234,-4.410325010627142,1.0
1.2270352002458675,-2.0498665090879813,1.0
-0.1376965429774706,-1.9173533213046179,1.0
-0.9283857958273507,-3.873013528876871,1.0
0.8955391918172569,-1.5704387727131646,1.0
1.437387107463637,-2.5396119184190917,1.0
-1.2272900757155856,-4.026837967466512,1.0
-0.9743939196412659,-3.772812852325343,1.0
-0.606988521781393,-4.018733259759577,1.0
0.7656297982837,-1.8032919780252568,1.0
0.9802361156694482,-2.4558734558812576,1.0
0.4266286823956936,-2.5623165267836128,1.0
0.7706258871172978,-3.098969664681786,1.0
1.3136918408682363,-3.092511782697215,1.0
-0.0865315215426861,-4.099761748468075,1.0
1.0312139822822335,-1.9357939247601883,1.0
0.21366700409578435,-1.8104448790305219,1.0
1.14206285719669,-1.6890393431490167,1.0
0.4066505508422724,-3.332116643736714,1.0
-0.4421761150153272,-3.550671541196919,1.0
-0.9925996844431427,-3.471769926616069,1.0
-2.474873062494374,-4.629578567155703,1.0
0.4259349861553708,-2.7254616989561953,1.0
-1.2504412778773475,-3.836016106440816,1.0
-0.09595568972453397,-4.11860848500421,1.0
0.25646365359305995,-3.210308077745921,1.0
-0.2345219133753322,-3.296597670276282,1.0
-0.9637847358750896,-3.7631583208155015,1.0
-0.5984815354544842,-3.8934708734312817,1.0
1.0256494873333168,-2.2336887095413465,1.0
-0.10375132395973424,-2.8639547113277537,1.0
-2.1300057819885634,-5.156731551324323,1.0
1.0162980998343434,-2.202519988189568,1.0
0.28754794736032235,-2.4079364309799245,1.0
1.4417231941899709,-1.5182664076105472,1.0
-0.2218972289925482,-3.0750530482143725,1.0
0.6419012353659078,-2.508573678796651,1.0
1.5069842444056742,-1.8050186448889531,1.0
0.3834370387716571,-2.3534298078674376,1.0
0.8498144320485297,-1.656112506910779,1.0
-0.7632057864052539,-5.07237926670193,1.0
-0.6184416542538568,-3.190327422820933,1.0
0.7303542380470499,-2.5209025186462535,1.0
0.22023132912544838,-2.9681081599413477,1.0
0.8231543821274507,-3.2368434968954403,1.0
-1.4346030848362072,-3.7517923338161117,1.0
1.2353491771519882,-2.692099001275476,1.0
-0.3122454020981301,-3.676405688884843,1.0
-0.03368808316837413,-3.235649107127347,1.0
-0.8757502327354477,-3.436352293454548,1.0
1.1258202072604349,-2.749095979145155,1.0
1.308688311916824,-1.3052738731275437,1.0
1.2881203250931106,-2.0324184819082336,1.0
0.5823364073359129,-2.450910069993815,1.0
1.7772192782231668,-1.1033866539050217,1.0
-0.5249681833627742,-3.469045145257415,1.0
0.2641318816963585,-2.67426684432595,1.0
0.4982022101823822,-4.255339416696151,1.0
-1.97889967926055,-4.732182999317173,1.0
0.7425594380676962,-2.504701186836939,1.0
-0.4316892884543577,-3.5051198669875436,1.0
1.2736264726895337,-0.42067359629973256,1.0
-0.21773886230525338,-2.5725249871508,1.0
0.17069104838777355,-1.857618784364869,1.0
-0.46418280078357527,-3.079116149524981,1.0
0.6086166414165178,-1.6253878200271294,1.0
-1.0660988962587978,-3.242739046513232,1.0
0.7479703086096435,-2.5562579535190997,1.0
-1.850480855630715,-5.520893726754186,1.0
-0.2305434053911995,-2.5115101737918213,1.0
-0.27705618451328834,-2.90836390483393,1.0
0.26192867576878226,-2.504027430800421,1.0
0.715133242116174,-1.2361728367245446,1.0
0.3271914899868303,-3.1029909778997076,1.0
-0.4864941109014678,-3.7778788891527375,1.0
1.6916581954163301,-2.1600807412119276,1.0
-0.6077094507323575,-3.7086325544535974,1.0
-0.21397207952160546,-2.5323470473168896,1.0
1.3000614180464318,-2.1620597688868615,1.0
0.33529245441726835,-2.605034360962979,1.0
0.13072904744222627,-3.0507143444543803,1.0
0.0923968461904636,-2.975468969416292,1.0
0.9397676211807466,-2.5744142919348705,1.0
0.02130300279201989,-3.542161170020743,1.0
1.1967190852231333,-2.000791876612561,1.0
-0.5640625651802456,-2.1367853050436096,1.0
0.3702521500078724,-2.0331773863350753,1.0
-0.3328676860570528,-4.084822500259186,1.0
-0.359196254750761,-4.107948114908594,1.0
2.330977220146555,-0.2855526424923278,1.0
1.5231860722346469,-1.191617932811574,1.0
0.12411367349724749,-1.8262942447615769,1.0
-0.8703038410454123,-4.157050200836757,1.0
1.0364650383058545,-2.731384931598101,1.0
0.5069521289211912,-2.670360254944292,1.0
0.29642456439223,-2.604467215449759,1.0
-0.659404130271337,-3.438263234645773,1.0
1.1796001636751552,-2.7297390078415047,1.0
-1.076485598540458,-4.512531549365173,1.0
0.7836345755844286,-2.545994488217236,1.0
1.8996379508909322,-1.40265935213276,1.0
0.2588669407469877,-2.3487840216226603,1.0
-0.6638070915937552,-3.6614221719304587,1.0
-0.9915353561891901,-3.776522621486343,1.0
-0.03601259779462087,-2.9342326874943634,1.0
0.30573216481128646,-2.943992594659978,1.0
0.610702838171736,-3.102714168613142,1.0
0.04800289895246257,-3.5801036227732106,1.0
-0.7195557938257712,-3.8773272528618294,1.0
-0.2031199629690415,-2.890790161888474,1.0
-0.11362695663359274,-4.106976420165408,1.0
-0.08205094918042431,-2.5253769270555515,1.0
1.4884957896616415,-1.266566531226119,1.0
2.46316116701385,-1.1835289427857802,1.0
0.48725115640836736,-3.5605474750588892,1.0
1.4003726732459807,-2.5304975194651913,1.0
-1.6154914593546466,-4.511624706883208,1.0
-0.4677627621617806,-3.608594861328745,1.0
0.8464688185477367,-3.175879224454256,1.0
0.517666212766417,-2.963943749194404,1.0
-1.174746192064861,-3.453050003883325,1.0
-1.660919327970745,-4.121718137512449,1.0
0.9208106022462009,-2.7849446197041554,1.0
-0.8399902373740673,-3.6146508739398535,1.0
1.5653696769384087,-1.2098038967035458,1.0
-0.7913552589534408,-3.754087444097175,1.0
0.43095820389529477,-3.079843550036301,1.0
1.1192268768586506,-1.3746202578060427,1.0
0.36708035176044923,-2.780576929878293,1.0
-1.8602619060665786,-4.42734539435031,1.0
-0.39671937250562067,-3.306871597924263,1.0
-1.9857756226817693,-3.89821185238044,1.0
-1.065921556571041,-3.6976903928553773,1.0
1.9479906451531919,-0.9737607457560311,1.0
0.09371967456512431,-2.846859085757544,1.0
-0.028290082147066846,-4.761014062522451,1.0
0.45474558530487297,-2.374551912292862,1.0
0.8909536271190457,-3.0051764824999903,1.0
-0.9119257308932716,-3.736816562376181,1.0
0.8217167453534963,-1.9791753720710938,1.0
-0.7810983246541442,-3.777750961223016,1.0
-0.7842304983815378,-3.7347344176626205,1.0
0.7415880945249151,-2.9916938250255507,1.0
0.02008026166357747,-2.857038094834298,1.0
-0.7944877351917892,-3.8672880904149274,1.0
-0.12890544371348442,-3.738979648065525,1.0
0.7773753701243834,-2.2924409527224916,1.0
0.7411232682539238,-1.7401064493914231,1.0
-0.527621838323784,-3.3511061781666096,1.0
-0.9606227737038376,-2.6824025927617354,1.0
1.1409604839091927,-3.2513532355529615,1.0
-0.17307052338300621,-3.2050750128047047,1.0
0.8004948517883128,-2.818571507682886,1.0
0.3593075176479356,-2.5260039896229562,1.0
-0.28587103182077894,-1.760101356418339,1.0
1.1620201963579173,-2.339591267238509,1.0
2.09164925279517,-0.7492980377042064,1.0
2.083521823451442,-1.2576592437074596,1.0
0.4859597210216934,-2.9629116572171785,1.0
-1.9640945834428463,-4.335184349632099,1.0
-0.9723977907085734,-4.53048845407109,1.0
-1.2275276104885038,-3.913829068079327,1.0
-1.0573570806034995,-3.4062827984495705,1.0
0.9963095266869458,-2.2720525000398966,1.0
0.021450064250830812,-4.6581109220754175,1.0
-1.6105847933846549,-4.260753359431362,1.0
-0.02637205923657828,-2.8869107724971768,1.0
1.0877442097645786,-2.1335794070682783,1.0
-1.4542919633257216,-3.6333507862267407,1.0
-2.534485694397743,-5.5812397585405344,1.0
0.7873732587487028,-2.53785685776966,1.0
0.9904191593461085,-2.0588205117438143,1.0
-0.3522635040989844,-3.3739202238508677,1.0
-0.966020401728481,-4.114151480978533,1.0
0.5134338628156906,-2.8541926009714107,1.0
2.044624791950643,-1.946918578232085,1.0
0.7070997428256321,-1.469804873706071,1.0
-1.284120283367704,-3.4145166532299394,1.0
1.8863807339586673,-2.35868684159458,1.0
0.5705855718596659,-2.3182167584918907,1.0
-0.804497028436799,-3.141701240977546,1.0
-0.8207716310841198,-2.7186111202560856,1.0
0.49992329288459153,-3.0775587097509254,1.0
1.876061068041337,-1.6861737852056198,1.0
0.05134475585221575,-3.51073128734148,1.0
-1.3352891650944967,-3.4420546943666848,1.0
1.974750191559603,-0.4787751510242355,1.0
1.99770981544946,-0.7483598860523943,1.0
-1.1825235481458143,-4.141504944902655,1.0
1.39914934720024,-1.971109856570374,1.0
0.3058495252030292,-2.8094121964892014,1.0
0.22723282988725715,-2.842263141762154,1.0
0.17965958971877988,-3.584709503454948,1.0
-0.2505161677367903,-2.2902834914734016,1.0
0.5052599848229885,-2.77544660760923,1.0
-0.2135825241742545,-4.832153023899335,1.0
-0.9209286339848554,-4.320579661448092,1.0
-0.18597578596170525,-3.1250568115563597,1.0
-0.8094828748496213,-3.9787246524493147,1.0
0.23281685960588647,-1.9463533903702064,1.0
2.2364219811557375,-0.7507175531354036,1.0
1.519584986692172,-1.962076315760319,1.0
-1.8939433097138765,-4.922147933879284,1.0
0.37832027823507,-3.7484390055216443,1.0
0.6294755836049234,-2.2462106009419966,1.0
-0.5316293552930508,-3.141476041329829,1.0
-0.1748385071214617,-2.8415317800792836,1.0
0.1481194010878028,-4.009110044037584,1.0
-0.27793877322472466,-2.792274647392197,1.0
-0.4445468751652618,-3.674671392410478,1.0
1.1179256937075854,-2.589356869368856,1.0
-0.23398256713994137,-2.517359929076344,1.0
2.060320039647432,-1.3570321353632602,1.0
0.8330861891803479,-1.6704630840996564,1.0
0.6746929799184963,-2.6229644105648755,1.0
0.06497072078870203,-2.6533378537524204,1.0
1.3355279020704212,-3.591022124303753,1.0
-0.6542684906816298,-3.3765933433015194,1.0
0.5510773856501847,-3.1345275720208714,1.0
-0.4536527211539279,-3.2138031100256037,1.0
0.5144488541185028,-2.6226241634127905,1.0
0.9388987681436556,-2.1740508911078473,1.0
1.338898625996417,-1.3971657770202273,1.0
0.8206117879295886,-2.0287985590292337,1.0
1.5204061475162278,-1.85277907483273,1.0
0.6299788447295835,-3.4203399383344166,1.0
0.010658122746201716,-3.2291358508542913,1.0
2.065065768826983,-1.7591773205941543,1.0
-0.8572669857375768,-3.2908676484297716,1.0
-0.002857400162677394,-2.74686355298169,1.0
-0.3165925891571338,-3.1081207106250086,1.0
-0.7434368122188953,-4.6965462859353995,1.0
-0.5209451599576911,-3.76254883719929,1.0
0.30833046240413764,-2.8828290516778585,1.0
0.7436530863142657,-3.0318614785375306,1.0
-0.7023294186138616,-2.645532253813421,1.0
0.053690447938821,-2.9471855300010934,1.0
0.6891778306943669,-2.3851195960609144,1.0
-0.32516336258182926,-3.559325242398941,1.0
0.3029928696842322,-2.441960241016506,1.0
0.7910493483507288,-2.0492577630346593,1.0
-1.2082790773218504,-3.348172098855531,1.0
-0.34672831920695124,-2.48178387929721,1.0
-0.6662972849010664,-4.2963574803856215,1.0
1.2518758939159955,-1.941000045914147,1.0
-0.9532747576833737,-3.9989930755088587,1.0
0.07897139965612893,-1.939303814060614,1.0
0.4616548477602591,-4.006017839569276,1.0
-0.4653362707468834,-3.1364337071793456,1.0
-0.3562426151994888,-3.071819709585282,1.0
0.4807366271349913,-3.3530901340321697,1.0
0.6507106669147089,-2.947349274163293,1.0
1.2842930058422384,-2.5145415588841376,1.0
-0.46022632410275877,-3.39831136537177,1.0
0.6305056766161223,-2.7801716879362446,1.0
-0.31905022944582634,-2.636507553509504,1.0
1.7821871547313048,-0.9794552047629432,1.0
1.1136662069216514,-3.0782505363279595,1.0
2.134503503170484,-1.4427914672444093,1.0
-0.33254246285989764,-3.083947635826801,1.0
0.5691858590697795,-1.7875935887165406,1.0
-1.4752142524564027,-4.2247071006363,1.0
0.20548126658788263,-2.083373599843741,1.0
-0.9909295878142719,-3.4423329719758438,1.0
1.519140963078335,-3.273588714633629,1.0
-1.4987598086971061,-5.517568766392592,1.0
-0.7189252114939313,-2.213209643751544,1.0
-0.6137907391338961,-3.013434555668532,1.0
1.987446182238216,-2.1368491173965745,1.0
0.16044088977219942,-2.149708406620438,1.0
0.5797671365504974,-2.92280500066606,1.0
-0.529946218645119,-2.845670304417109,1.0
1.7535979402416537,-2.0120166731562694,1.0
0.40204230160747867,-1.9056476027295075,1.0
-0.8970173695201703,-2.548525149860424,1.0
-0.8772923502473085,-3.899488489006232,1.0
-1.2670394435841008,-4.133276987873228,1.0
0.45372018761971566,-2.1162259604937326,1.0
0.7524250929503838,-2.4312381599395625,1.0
-1.2276172489704287,-4.291673285221215,1.0
0.9087632909841823,-2.38490965069594,1.0
-0.7946269598652167,-4.144084365441239,1.0
0.5283866439788208,-2.7943508221590876,1.0
-0.052584478820391606,-3.296389610312281,1.0
1.800186353167842,-1.7609161414169006,1.0
0.49174927289002185,-1.721906504326611,1.0
-0.95667801212809,-3.585262568888007,1.0
0.7374009319798432,-2.7785509417405265,1.0
0.8141071671064666,-2.8511602227884896,1.0
-1.659019254530064,-6.079085352237529,1.0
-0.12885437365648786,-3.9412765807084322,1.0
0.41142257473638066,-3.213444719453799,1.0
1.477758657073152,-2.2433648010574982,1.0
-1.6228714206719361,-4.706980684058069,1.0
0.5506536131487794,-2.0978358467848057,1.0
-0.2375128890486354,-2.782123554702003,1.0
1.6346338363836939,-1.17335019469229,1.0
-0.2075991708323382,-4.258486202065446,1.0
-0.9615750901317717,-2.8888156710630204,1.0
-0.24565610943832789,-2.726153380521681,1.0
-0.4124260402082178,-3.8598919325441265,1.0
0.45780119985574963,-3.533253273696181,1.0
0.34412573887752756,-2.4878384315602515,1.0
-0.6937763986052029,-3.6782103238370554,1.0
-0.3342669718059619,-4.031806107503897,1.0
0.09038182913271416,-2.897424817477786,1.0
-1.68695088069995,-4.822401767190848,1.0
0.4666569000966299,-2.5198394002678284,1.0
0.8109934550807472,-2.0670983067571727,1.0
0.9127892955251314,-3.220145721917835,1.0
0.15599602575869798,-3.0448358606565455,1.0
1.5698824057575438,-1.4725769617168147,1.0
-1.5777778458054468,-4.248076406338581,1.0
-0.15630659471695865,-4.004743620017016,1.0
-0.4993693969500015,-3.4054816379780877,1.0
-0.6355432864187859,-3.3682494766232716,1.0
1.3030933494467385,-1.7230908228537818,1.0
0.7348174086131931,-2.296858553884139,1.0
0.43630969884252035,-1.7336111568288872,1.0
1.0991632283211608,-2.4693777115137494,1.0
0.26984975434696545,-3.411367510645915,1.0
0.6653288328655275,-2.8595868682394596,1.0
-1.587248356373851,-4.090262379001244,1.0
0.17823406675180734,-3.0691933221215564,1.0
-1.020769606890355,-3.7644960446875264,1.0
-0.46421128517416654,-3.4807767105788767,1.0
1.6371604970318088,-1.4339692358035832,1.0
0.30117990465031275,-2.290851319182493,1.0
-0.7518556274071145,-4.167980405473652,1.0
-0.9932823863258166,-2.8954161112984154,1.0
0.10157755142267805,-1.83468173962036,1.0
0.8015734411408456,-2.1839055344107643,1.0
0.006937384383347688,-2.98579007278153,1.0
0.981639679712052,-2.3922573447086,1.0
0.5300604323228497,-2.2631502654455127,1.0
-1.017004204209554,-2.609193397602689,1.0
-1.1394077825990248,-4.46186096155949,1.0
-0.6235147700709274,-2.9928819870289307,1.0
-0.007008838865666753,-3.0510540404139883,1.0
-0.32318523765040824,-2.7746713359570014,1.0
0.907773239963698,-2.2981982172060897,1.0
-0.5447802790352924,-3.3478038556951786,1.0
-0.11034676608593273,-3.344229559467278,1.0
-1.5974168487036573,-3.2478400711281448,1.0
-0.3244717541419638,-3.446647427697178,1.0
-0.5464694804309574,-3.887446899045288,1.0
0.7008436717656762,-2.278406254306935,1.0
2.8151671735516817,-0.9146551176323032,1.0
0.7580847362348961,-3.0978735340933645,1.0
1.117763214678052,-2.1584606874537755,1.0
1.6870649102228399,-1.5697574437245423,1.0
0.49976803274427417,-2.484164302670154,1.0
-1.149505798861878,-4.040404426350724,1.0
-0.051431448637638794,-2.9885309271031595,1.0
0.10579726361807495,-3.537244719327617,1.0
0.01124971817746304,-2.7934788509007036,1.0
1.026673611146612,-1.4258394089973814,1.0
-0.8262247644585585,-4.2255420011466045,1.0
0.5066613021843487,-3.048755038304432,1.0
-0.3279026305559552,-3.999078536968552,1.0
0.48267454745107985,-3.060554099815737,1.0
0.5190456426803634,-3.6157245858100624,1.0
-0.95335667100475,-4.563427340229224,1.0
0.010384602160372102,-3.1240267731892506,1.0
1.003746037985298,-2.5577354206597116,1.0
-0.7221235081026529,-4.054567809071437,1.0
-0.0037990555569742397,-3.5107101946324075,1.0
0.46463255392228864,-2.236692123517514,1.0
-0.8272230863709298,-3.938102914878895,1.0
0.7171424456923098,-1.0192391789094841,1.0
1.3000867621964314,-2.6748987168393996,1.0
-2.333521044784095,-5.5890535041503755,1.0
1.6028440182267296,-1.8294012430905773,1.0
-0.40886550284515566,-3.288501905434923,1.0
0.2316254517618197,-1.615582923968915,1.0
0.8694447230308279,-2.8798168648010716,1.0
-1.331680356524238,-3.491107206809792,1.0
1.2186869718716564,-2.667602875911472,1.0
-0.330139001498453,-4.624980146440134,1.0
0.8577421465245988,-1.5303911839314486,1.0
0.13597635592725305,-3.030952280300493,1.0
-0.28639970719380237,-3.383022736518352,1.0
0.8285119467793917,-1.3644271413472082,1.0
-1.3219505595899559,-4.192086843721928,1.0
-0.7826722123396028,-2.302963560889002,1.0
0.3443326721738826,-2.8198382259756607,1.0
-0.8110501288894696,-2.8805044183246387,1.0
-1.4292671666709433,-4.592802858007423,1.0
0.14327955286567584,-3.7282969594831474,1.0
0.5616896775387422,-2.96975663159691,1.0
0.4234032189818309,-1.513074284275875,1.0
0.9197376720155006,-2.4164794253681294,1.0
-0.7574830195640111,-2.936666249853485,1.0
-1.329010588198732,-2.5838411814903686,1.0
-0.010977058059616737,-2.847350414208254,1.0
-0.7152602180483064,-2.8076552946319717,1.0
-0.44445406254011854,-3.5179641795365875,1.0
0.8215667970853234,-2.023833586922312,1.0
-1.1996583184336858,-4.459206554078508,1.0
-0.5796387417280087,-3.423961211076423,1.0
-0.5647211998490314,-4.073692155040246,1.0
-1.821718585029212,-5.630731103531554,1.0
0.05014130512626265,-2.3565568778184347,1.0
-0.5439704736338206,-3.0190411358115945,1.0
0.49429941093306723,-2.553011414186798,1.0
-0.5078477407853063,-2.5153608163750403,1.0
-0.9069283249975937,-3.403068642845425,1.0
0.31777590301600156,-2.0694489123334128,1.0
-0.6532918764237599,-2.774719236724588,1.0
-1.8136973741967397,-5.007713086283623,1.0
0.6586880110732108,-2.887782023475471,1.0
0.2570185389906807,-2.984595569575638,1.0
-0.29533977788957516,-3.386771861007816,1.0
0.006391818932159075,-2.3203054224029573,1.0
0.7527905503959627,-1.973287928665688,1.0
0.1560447024975066,-2.385824429366522,1.0
-1.2183264092431014,-4.410022576370901,1.0
-0.4749398215312516,-3.3618612845101477,1.0
0.6822549822435495,-2.1654576251755486,1.0
-0.4048450116851673,-3.1437225772787016,1.0
0.15843149906175985,-2.7819960595321107,1.0
1.2019649501008323,-2.0245262780355286,1.0
